grant_id,funding,sponsor,awardee,title,date,is_anticipated,department_id,capabilities_id
G00001,45000,NASA,Lance C. Sherry,Regulatory Ontology and Compliance Assessment Suite (ROCAS),2026-01-12,True,,
G00002,100000,the Virginia Innovation Partnership Authority,Kai Zeng,Secure 6G Infrastructure for Integrated Sensing and Communication,2026-01-12,True,,
G00003,100000,the Virginia Innovation Partnership Authority,Lannan Luo,AI-Powered Video and Audio Side Channels for Cyber-Physical Anomaly,2026-01-12,True,,
G00004,160000,BARD,Lizhi Wang,Creation and validation of a digital twin model for improving almond production,2026-01-12,True,,
G00005,150793,Virginia Innovation Partnership Authority,Liza Price Wilson Durant,CCI Scholars – High School Experiential Learning Program,2026-01-12,True,,
G00006,41666,DOD,Sean O. Luke,Uses of OSINT & PAI in Conjunction with AI/LLMs for Decision Support Modeling,2026-01-05,True,,
G00007,98500,the DOD,Jose Bricio Neto,Quick Look Study of U.S. Marine Corps Wargaming and Analysis Capability with Recommendations,2026-01-05,True,,
G00008,2500000,the Virginia Innovation Partnership Authority,Liza Price Wilson Durant,NoVA Node CCI FY26 Initiatives,2026-01-05,True,,
G00009,100000,the Virginia Innovation Partnership Corporation,Michael Atef Yassa Girgis,Quantitative Isotopically Labeled Tags for Precise Proteomic Analysis via Mass Spectrometry,2026-01-05,True,,
G00010,100000,the Virginia Innovation Partnership Authority,Shima Mohebbi,Scalable AI-driven Cybersecurity for Small and Medium Critical Manufacturing,2026-01-05,True,,
G00011,100000,the Virginia Innovation Partnership Authority,Babak Aslani,Scalable AI-driven Cybersecurity for Small and Medium Critical Manufacturing,2026-01-05,True,,
G00012,15000,Virginia Tech,Kai Zeng,O-RAN-Compatible Software Radio for Secure and Resilient Mid- to High-Frequency Spectrum Operation,2026-01-05,True,,
G00013,100000,the Virginia Innovation Partnership Authority,Md Tanvir Arafin,CASPER: Cyber-Analog Sensing for Protecting Critical Energy Infrastructure,2026-01-05,True,,
G00014,1500000,Virginia Energy Department of Energy,Liling Huang,Funding Virginia Research AI Data Center Lab,2026-01-05,True,,
G00015,,the NIH,Siddhartha Sikdar,Cohort 3 NIH - Blueprint MedTech (BPMT) Seedling Program,2025-12-08,False,,
G00016,93521,the U.S. Department of the Navy,Mehdi Amiri Darehbidi,Advanced Fretting Fatigue Life Prediction Method for Naval Aerospace Applications,2025-12-08,True,,
G00017,13456,the DOD,Nicholas Kent Clark,SDR Analysis for Distributed Computing,2025-12-08,True,,
G00018,75000,the NIH,Siddhartha Sikdar,Research and Training in Complementary and Alternative Medicine,2025-12-01,True,,
G00019,54381,the DOD,Nicholas Kent Clark,SCA to Support Time Series Analysis Research,2025-12-01,True,,
G00020,225878,the NIH,Abolfazl Safikhani,Statistical Machine Learning to Develop Connectome-Based Biomarkers of Alzheimer's Disease and Related Dementias,2025-12-01,True,,
G00021,24821,the U.S. Geological Survey,Celso Moller Ferreira,"Sanitation infrastructure in vulnerable communities: Current and future risks to water security flooding, resilience, septic systems",2025-12-01,True,,
G00022,296998,the DOD,Ali Khalid Raz,Integrated Photonics for sustained operations project - Phase III,2025-11-17,True,,
G00023,296998,the DOD,Marc Sasseville,Integrated Photonics for sustained operations project - Phase III,2025-11-17,True,,
G00024,234986,the FAA,Lance C. Sherry,NEXTOR III: DO 35:FAA Section 765 Regional Airport Capacity Study,2025-11-17,True,,
G00025,77500,the NSF,Elise D. Miller Hooks,Collaborative Research: NSF R2I2: Alaska Innovation Incubator for Resilient and Smart Infrastructure in Extreme and Changing Environments,2025-11-10,True,,
G00026,77500,the NSF,Emma Zhang,Collaborative Research: NSF R2I2: Alaska Innovation Incubator for Resilient and Smart Infrastructure in Extreme and Changing Environments,2025-11-10,True,,
G00027,77500,the NSF,Celso Moller Ferreira,Collaborative Research: NSF R2I2: Alaska Innovation Incubator for Resilient and Smart Infrastructure in Extreme and Changing Environments,2025-11-10,True,,
G00028,230000,the U.S. Department of Energy,Maryam Parsa,"GAINS: Generalizable, Analog, Izhikevich-Based Neuromorphic Spintronics for Next-Generation Computing",2025-11-03,True,,
G00029,230000,the U.S. Department of Energy,Giorgio Ascoli,"GAINS: Generalizable, Analog, Izhikevich-Based Neuromorphic Spintronics for Next-Generation Computing",2025-11-03,True,,
G00030,43000,the U.S. Department of the Navy,Bob Elder,DAPSE 2.0 Integration into CCMD Joint Planning Processes (JPP),2025-11-03,True,,
G00031,83542,the Virginia Transportation Research Council,Burak Tanyu,Collection of Instrumentation Data From the CHCC Base Course Field Project at VDOT’s Harrisonburg Residency,2025-11-03,True,,
G00032,85360,the NIH,Susannah Engdahl,Towards Human-Centered Rehabilitation: A Focus on Embodiment and User Perception of Upper Limb Prostheses,2025-10-27,True,,
G00033,274001,the NSF,Elise D. Miller,Collaborative Research: A Risk-based Real-Options Approach for Infrastructure Systems Protection Investment,2025-10-27,True,,
G00034,77000,Naval Sea Systems Command,Marcos Zampieri,BRIDGE: Bridging Redundant Information for Data Governance and Efficiency,2025-10-27,True,,
G00035,9500,the GMUF,Pei Dong,Advanced Heat Transfer Fluids for Modern Engines and E-Vehicles Cooling System,2025-10-13,True,,
G00036,2543,the National Science Foundation,Bo Han,Conference: NSF Workshop on Networking and Systems Challenges in Immersive Computing,2025-10-13,True,,
G00037,275000,the NSF,Md Tanvir Arafin,Collaborative Research: CISE Crosscutting Small: SaTC: SAGE: Secure Accelerators for Next-Generation Foundation Models,2025-10-06,True,,
G00038,500000,the NSF,Elise D. Miller,Transforming Urban Underground Infrastructure,2025-10-06,True,,
G00039,430000,the NSF,Aditya Johri,Developing Artificial Intelligence Literacy Among Undergraduate Engineering and Technology Students Through Case-Based Instruction,2025-10-06,True,,
G00040,1020000,the Air Force Research Laboratory,Brett William Josephson,AFCENT CEC Applied Research,2025-10-06,True,,
G00041,1020000,the Air Force Research Laboratory,Cameron Nowzari,AFCENT CEC Applied Research,2025-10-06,True,,
G00042,1020000,the Air Force Research Laboratory,Ali Khalid Raz,AFCENT CEC Applied Research,2025-10-06,True,,
G00043,1020000,the Air Force Research Laboratory,Daigo Shishika,AFCENT CEC Applied Research,2025-10-06,True,,
G00044,1020000,the Air Force Research Laboratory,Shima Mohebbi,AFCENT CEC Applied Research,2025-10-06,True,,
G00045,55000,The Bernd Group,Ali Khalid Raz,MARAAI: Mission Assurance Reference Architecture for Autonomy Integration Command and Control Systems,2025-10-06,True,,
G00046,380000,the NSF,Weiwen Jiang,Collaborative Research: Elements: QuAIM: A Quantum Cyberinfrastructure with Automated Implementation Toolkits for Scientific Discovery,2025-10-02,True,,
G00047,380000,the NSF,Lei Yang,Collaborative Research: Elements: QuAIM: A Quantum Cyberinfrastructure with Automated Implementation Toolkits for Scientific Discovery,2025-10-02,True,,
G00048,544335,NOAA,Celso Moller Ferreira,Developing Arctic Coastal Protection Solutions with Alaska Native Communities,2025-10-02,True,,
G00049,250000,the National Science Foundation (NSF),Weiwen Jiang,,2025-10-02,True,,
G00050,4649740,the National Institutes of Health (NIH),Siddhartha Sikdar,Network modeling as a unified framework to understand inter-individual differences in chronic musculoskeletal pain,2025-10-02,True,,
G00051,1250000,the NSF,Hemant Purohit,SCC-IRG: Resilient Sheltering Decision Support for Emergency Evacuations using Explainable AI,2025-10-02,True,,
G00052,934614,the NSF,Ethan Chiyui Ahn,Pivots: Reshaping Education in Nanofabrication for the Northern Virginia Ecosystem and Workforce (RENEW),2025-10-02,True,,
G00053,934614,the NSF,Nathalia L. Peixoto,Pivots: Reshaping Education in Nanofabrication for the Northern Virginia Ecosystem and Workforce (RENEW),2025-10-02,True,,
G00054,934614,the NSF,Jessica L. Rosenberg,Pivots: Reshaping Education in Nanofabrication for the Northern Virginia Ecosystem and Workforce (RENEW),2025-10-02,True,,
G00055,934614,the NSF,Jill K. Nelson,Pivots: Reshaping Education in Nanofabrication for the Northern Virginia Ecosystem and Workforce (RENEW),2025-10-02,True,,
G00056,105885,ONR,Ali Beheshti,Finite Element Based Crack Initiation and Propagation Study for Gear Steel Alloy,2025-09-22,True,,
G00057,260550,the U.S. Department of Defense,Massimiliano Albanese,DoD Cyber Service Academy,2025-09-22,True,,
G00058,260550,the U.S. Department of Defense,Sushil Jajodia,DoD Cyber Service Academy,2025-09-22,True,,
G00059,502222,the NSF,Quentin Sanders,Fused Filament Fabrication of Customized Continuous Fiber Physical Activity Enabling Prostheses for Children with Lower Extremity Amputation,2025-09-15,True,,
G00060,320000,the NSF,Bo Han,POSE: Phase I: OpenCIVAN: Scoping and Planning for an Open-Source Ecosystem for Collaborative and Immersive Visualization and Analytics in a Networked Environment,2025-09-15,True,,
G00061,320000,the NSF,Songqing Chen,POSE: Phase I: OpenCIVAN: Scoping and Planning for an Open-Source Ecosystem for Collaborative and Immersive Visualization and Analytics in a Networked Environment,2025-09-15,True,,
G00062,50000,"Datalytica, LLC",Duminda Wijesekera,Operational Technology Digital Twin and Scanning Support,2025-09-15,True,,
G00063,8000,the American Society,Shima Mohebbi,Engineering Education (ASEE),2025-09-15,True,,
G00064,150000,(DARPA),Missy Cummings,Autonomy Standards and Ideals with Military Operational Values (ASIMOV),2025-09-08,True,,
G00065,200000,the NSF,Md Tanvir Arafin,Collaborative Research: CyberTraining: Implementation: Small: CyberSTAR:CyberTraining for Secure Transportation and Reliable Autonomy,2025-09-08,True,,
G00066,199910,the Northern Virginia Emergency Response System Aerial System,Shima Mohebbi,(UAS) Drone as a First Responder (DFR) Feasibility Study project,2025-09-08,True,,
G00067,199910,the Northern Virginia Emergency Response System Aerial System,Michael R. Hieb,(UAS) Drone as a First Responder (DFR) Feasibility Study project,2025-09-08,True,,
G00068,69904,the U.S. Department of the Navy,Jose Bricio Neto,Persistent Airborne Counter Unmanned Aerial System Surveillance,2025-09-02,True,,
G00069,15000,the NSF,Weiwen Jiang,Conference: The Quantum System Stability and Reproducibility Workshop,2025-08-25,True,,
G00070,15000,the NSF,Lei Yang,Conference: The Quantum System Stability and Reproducibility Workshop,2025-08-25,True,,
G00071,500000,the NSF,Ziwei Zhu,III: Small: Harnessing Interpretable Neuro-Symbolic Learning for Reliable Ranking,2025-08-25,True,,
G00072,,the U.S. Department of the Army,Maryam Parsa,"Automotive Research Center (ARC) A Center for Excellence In Modeling and Simulation of Ground Vehicles U.S. Army Ground Vice System Center, Detroit Arsenal, Michigan",2025-08-25,False,,
G00073,100000,NSF,Fei Li,Collaborative Research: Quantum Algorithms for High-Performance Analysis of Single-Cell Omics Data and Explainable Drug Discovery,2025-08-25,True,,
G00074,296927,NIH,Ningshi Yao,Study Coordinated Human Eye Movement and Strabismus using a Novel Artificial Muscle-Driven Robotic Eyes,2025-08-18,True,,
G00075,512787,the NSF,Shaghayegh Bagheri,MRI: Track #1 Acquisition of a 3D X-Ray Computer Tomography Scanner for Multidisciplinary Research and Education,2025-08-11,True,,
G00076,512787,the NSF,Ali Beheshti,MRI: Track #1 Acquisition of a 3D X-Ray Computer Tomography Scanner for Multidisciplinary Research and Education,2025-08-11,True,,
G00077,512787,the NSF,Caroline Dieckmann Hoemann,MRI: Track #1 Acquisition of a 3D X-Ray Computer Tomography Scanner for Multidisciplinary Research and Education,2025-08-11,True,,
G00078,45000,the NSF,Kun Sun,Collaborative Research: CIRC: Planning-C: An Infrastructure and Dataset for Research in Software Vulnerability Detection and Remediation,2025-08-03,True,,
G00079,94711,"Metal Improvement Company, LLC",Ali Beheshti,Tribo-Corrosion Study of Nickel-based Superalloys Subjected to Laser Peening,2025-08-03,True,,
G00080,274265,the NSF,Keren Zhou,Collaborative Research: Elements: DLToolkit: A Novel Performance Profiling and Analysis Infrastructure for Scientific Deep Learning,2025-07-28,True,,
G00081,599956,the NSF,Antonis Anastasopoulos,"CAREER: Leveraging Grammar Books to Develop Language Technologies for Data-Scarce Languages natural language processing, translation, under-served languages",2025-07-28,True,,
G00082,275000,NSF,Bo Han,Collaborative Research: NeTS: Small: Revolutionizing Immersive Video Streaming with Neural Content Representation,2025-07-28,True,,
G00083,50000,XSOC Corporation,Duminda Wijesekera,SENTINEL – Side-channel Evaluation & Novel Techniques in XSOC,2025-07-28,True,,
G00084,50000,XSOC Corporation,Matthew Jablonski,SENTINEL – Side-channel Evaluation & Novel Techniques in XSOC,2025-07-28,True,,
G00085,300000,the Virginia Innovation Partnership Authority,Liza Price Wilson Durant,"Acceleration, Translation, and Advanced Prototyping for University-Linked Technology (CATAPULT)",2025-07-28,True,,
G00086,500000,the Virginia Innovation Partnership Authority,Liza Price Wilson Durant,Commonwealth Cyber Initiative+A FY25,2025-07-28,True,,
G00087,164834,DARPA,Peter Paris,Next Generation Electronic Surveillance Technology (NGEST),2024-07-14,True,,
G00088,150000,DARPA,Missy Cummings,Autonomy Standards and Ideals with Military Operational Values,2025-07-14,True,,
G00089,78619,Virginia Innovation Partnership Authority,Liza Price Wilson Durant,Cybersecurity Field training Experience (C-FTE),2025-07-07,True,,
G00090,450000,the Virginia Innovation Partnership Authority,Liza Price Wilson Durant,the Commonwealth Cyber Initiative Fellow program,2025-07-07,True,,
G00091,34596,the US DOD,Nicholas Kent Clark,Time Series Analysis Distributed Computing,2025-06-16,True,,
G00092,75000,the Virginia Innovation Partnership Authority,Foteini Baldimtsi,Combating Crypto Risk,2025-06-16,True,,
G00093,75000,the Virginia Innovation Partnership Authority,Kun Sun,Securing Computer Code using Dynamically Generated Digital Signature,2025-06-16,True,,
G00094,75000,the Virginia Innovation Partnership Authority,Brian L. Mark,Secure Mesh Communications with Durable Multi-Protocol Handover,2025-06-16,True,,
G00095,75000,the Virginia Innovation Partnership Authority,Kai Zeng,Secure Mesh Communications with Durable Multi-Protocol Handover,2025-06-16,True,,
G00096,75000,the Virginia Innovation Partnership Authority,Massieh Kordi Boroujeny,Distortion-free Mult-bit Watermarking for Large Language Models,2025-06-16,True,,
G00097,75000,the Virginia Innovation Partnership Authority,Kai Zeng,Distortion-free Mult-bit Watermarking for Large Language Models,2025-06-16,True,,
G00098,75000,the Virginia Innovation Partnership Authority,Mingkui Wei,Obfuscating Text and Images for Data Loss Prevention,2025-06-16,True,,
G00099,442147,the Virginia Innovation Partnership Authority,Liza Price Wilson Durant,Commonwealth Cyber Initiative traineeship program in cybersecurity,2025-06-16,True,,
G00100,50000,the NSF,Bo Han,I-Corps: Translation Potential of Next Generation Telepresence Enriched by Immersive Technologies,2025-05-27,True,,
G00101,295081,the NSF,Thanhvu H. Nguyen,CAREER: NeuralSAT: A Constraint-Solving Framework for Verifying Deep Neural Networks,2025-05-19,True,,
G00102,1122655,the NIH,Lily Wang,SCH: Novel and Interpretable Statistical Learning for Brain Imaging Data,2025-05-19,True,,
G00103,350000,the Air Force Research Laboratory (AFRL),Ali Khalid Raz,(MEADOW) Management Environment and Algorithms for Distributed Optimal Workflows,2025-05-05,True,,
G00104,200000,the U.S. Department of Energy (US DOE),Weiwen Jiang,MACH-Q: Modular and Error-Aware Software Stack for Heterogeneous Quantum Computing Ecosystems,2025-05-05,True,,
G00105,275000,the Virginia Department of Energy,Liling Huang,Installation of E2 Energy Exploration Center,2025-05-05,True,,
G00106,1500,the US DOD,Rochelle R. Jones,Drone Detection and ID--Market Survey,2025-04-14,True,,
G00107,42000,the University of Virginia,Zhuangdi Zhu,Secure and Privacy-Conscious Threat Detection via Federated Learning and Graph Neural Networks,2025-04-14,True,,
G00108,454079,Naval Sea Systems Command,Antonis Anastasopoulos,STTR Phase II: Digital Engineering – Automated Knowledge Base Extraction and Student Assessment,2025-04-07,True,,
G00109,60000,Air Force Research Laboratory,Missy Cummings,Machine Learning for Space Situation Awareness,2025-03-31,True,,
G00110,112000,Griffiss Institute,Kamaljeet Sanghera,AI Defense opportunities for students,2025-03-31,True,,
G00111,112000,Griffiss Institute,Mihai Boicu,AI Defense opportunities for students,2025-03-31,True,,
G00112,65648,the US DOE,Keren Zhou,GPU Modeling Research of Smart Modeling and Simulation for HPC (SMASH),2025-03-10,True,,
G00113,10000,the National Institutes of Health (NIH),Jenny M. Phan,"AIM-AHEAD: All of Us Training Program - Cohort 210,000",2025-03-10,True,,
G00114,15000,Raytheon Systems,Cameron Nowzari,Raytheon Drone Competition participation,2025-03-03,True,,
G00115,15000,Raytheon Systems,Xuesu Xiao,Raytheon Drone Competition participation,2025-03-03,True,,
G00116,114000,"the FAA NEXTOR III: DO 31: System Safety Management Transformation (SSMT), Uncertainty Quantification",John Friedrich Shortle,Aviation Fault,2025-02-24,True,,
G00117,290779,U.S. DOE,Duminda Wijesekera,Secure Telecommunications Architecture for Trusted and Resilient Electric Communications (STAR TREC),2025-02-24,True,,
G00118,290779,U.S. DOE,Bo Yu,Secure Telecommunications Architecture for Trusted and Resilient Electric Communications (STAR TREC),2025-02-24,True,,
G00119,23994,Health Resources and Services Administration (HRSA),Jenny M. Phan,,2025-02-24,True,,
G00120,33333,Virginia Tech,Emanuela Marasco,GenA(eye)ris: Generating Synthetic Iris Biometrics for Presentation Attack Security and Security for Generative Biometric Models,2025-02-24,True,,
G00121,2250,the DoD,Mingkui Wei,Comms 01 Covert Communications to Working Dogs,2025-02-17,True,,
G00122,50000,the Virginia Innovation Partnership Authority,Kun Sun,Leveraging Large Language Models for Enhanced Software Security Analysis and Malware Detection,2025-02-10,True,,
G00123,641778,the NSF,Weiwen Jiang,CAREER: Efficient and Scalable Deployment Automation for Quantum-Centric Computing,2025-02-04,True,,
G00124,367867,the NSF,Evgenios Kornaropoulos,CAREER: Encrypted Systems with Fine-Grained Leakage,2025-02-04,True,,
G00125,154777,the Virginia Innovation Partnership Authority,Liza Price Wilson Durant,High School Experiential Learning Program,2025-02-04,True,,
G00126,248742,the NSF,Lily Wang,Collaborative Research: Unlocking Complex Heterogeneity in Large Spatial-Temporal Data with Scalable Quantile Learning,2024-09-16,True,,
G00127,87833,the DOD,Massimiliano Albanese,the DoD Cyber Scholarship Grant,2024-09-09,True,,
G00128,100000,the Virginia Innovation Partnership Corporation,Shaghayegh Bagheri,Innovative Slip-Resistant Technology for shoe outsoles: Leveraging Bio-Inspired Composite Materials for Enduring Performance in Icy Conditions,2024-09-09,True,,
G00129,106848,the U.S. DOE,Paulo Cesar Costa,IUC 1 BP3-005 Energy Controller,2024-08-26,True,,
G00130,719999,the NSF,Yotam Gingold,Collaborative Research: HCC: Medium: Untethered3D: In-Air 3D Modeling Using Non-Visual Feedback,2024-08-26,True,,
G00131,195487,the National Institutes of Health (NIH),Ketul Chandrakant Popat,Nanostructured Surfaces With Improved Hemocompatibility,2024-08-12,True,,
G00132,25000,Loudoun Water,Kirin Emlet Furst,Understanding the Factors Affecting Variability in the Potomac River Watershed,2024-06-10,True,,
G00133,35820,ONR,Ali Beheshti,Finite Element Based Crack Propagation Study for Advanced Alloys Subjected to Laser Shock Peening,2024-06-03,True,,
G00134,500000,the NSF,Vijay K. Shah,CC* Integration-Large: M2- NET: An Integrated Access and Backhaul Millimeter-wave Wireless Network for Campus Connectivity and Research,2024-04-15,True,,
G00135,500000,the NSF,Parth Pathak,CC* Integration-Large: M2- NET: An Integrated Access and Backhaul Millimeter-wave Wireless Network for Campus Connectivity and Research,2024-04-15,True,,
G00136,142841,the NSF,Alok K. Berry,Louis Stokes New STEM Pathways and Research Alliance: Virginia – North Carolina (2023-2028),2024-02-05,True,,
G00137,35000,the Air Force Research Laboratory,Daniel Barbara,Metadata Overlay for Live-Streaming and Geolocating Security Incident Reporting Systems,2024-02-05,True,,
G00138,100000,"Cybastion Institute of Technology, LLC",Duminda Wijesekera,an Advisory role for the Ivory Coast Digital City,2024-01-29,True,,
G00139,70000,the Taiwan Institute of Economic Research,Liling Huang,Wide Area Measurement System (WAMS) Technology in the Power Sector: A Survey and Study of Industry Applications and Experience,2024-01-29,True,,
G00140,49997,the Virginia Innovation Partnership Authority,Ziyu Yao,Securing the Supply Chain of Large Language Models as Software with Explainable AI and Humans in the Loop,2024-01-29,True,,
G00141,344626,the National NSF,Xuan Wang,Learning Coordination for Multi-Autonomous Multi-Human (MAMH) Agent Systems with Guaranteed Safety,2024-01-29,True,,
G00142,15000,Raytheon Systems,Cameron Nowzari,,2024-01-22,True,,
G00143,15000,Raytheon Systems,Mary L. Cummings,,2024-01-22,True,,
G00144,15000,Raytheon Systems,Xuesu Xiao,,2024-01-22,True,,
G00145,38245,the Virginia Transportation Research Council,Zhu Shanjiang,EOI to RNS 23-3: Leveraging Connected Car Data to Improve Travel Demand Modeling,2024-01-22,True,,
G00146,38245,the Virginia Transportation Research Council,Anand N. Vidyashankar,EOI to RNS 23-3: Leveraging Connected Car Data to Improve Travel Demand Modeling,2024-01-22,True,,
G00147,50000,the Virginia Innovation Partnership Authority,Lannan Luo,Unsupervised Binary Code Translation for Low-Resource Architectures with Applications to Vulnerability,2024-01-16,True,,
G00148,50000,the Virginia Innovation Partnership Authority,Qiang Zeng,Towards Lifetime Supply Chain Security for Internet of Things: Testing an Update Before Trusting It,2024-01-16,True,,
G00149,49993,the Virginia Innovation Partnership Authority,Vijay K. Shah,Fingerprinting Technology for Enhancing 5G/NextG O-RAN Supply Chain Risk,2024-01-16,True,,
G00150,50000,the Virginia Innovation Partnership Authority,Md Tanvir Arafin,Securing Chiplet-based Semiconductor Manufacturing from Untrusted Supply Chains,2024-01-16,True,,
G00151,149825,Inova Healthcare,Jason F. Goldberg,MicroRNA in Pediatric Heart Transplant Rejection,2024-01-08,True,,
G00152,25000,the Electric Power Research Institute,Kuo Tian,PFAS Stabilization,2024-01-08,True,,
G00153,100000,the Virginia Innovation Partnership Authority,Sai Manoj Pudukotai Dinakarrao,Cyber Sentinel: Safeguarding Autonomous Vehicle Supply Chains against Backdoors and Hardware,,True,,
G00154,258526,the NSF,Gurdip Singh,EAGER: Distributed Computing Models and Algorithms for Pervasive Systems,2024-01-02,True,,
G00155,492516,the Virginia Transportation Research Council,Burak Tanyu,Evaluating the Feasibility and Benefit on Impervious Layer Inclusion Above Ground Water Table (GWT),2024-01-02,True,,
G00156,5635,the NIH,Jiayang Sun,"Sleep Phenotypes in Spinal Cord Injury (SCI5,635)",2023-12-11,True,,
G00157,20500,the US DOD,Ali Khalid Raz,Advanced Model-Based Tools for Portfolio Management and Analytic: System Architecture and Multi-Attribute Decision Making for Integrating Autonomy Phase 2,2023-12-05,True,,
G00158,5000,(ORAU),Quentin Sanders,"A Robotic System to Automatically, and Quantitatively Assess Hand Tactile Deficits Post-Stroke",2023-12-05,True,,
G00159,,the Virginia Department of Transportation,Burak Tanyu,the Collection of Instrumentation Data From the RAP-Aggregate Base Project on Minnieville Road,2023-11-13,False,,
G00160,303524,the NSF,Jeffrey Lawrence Moran,Collaborative Research: ISS: Colloidal Microflyers: Observation and Characterization of (Self-)Thermophoresis through Air in Microgravity,2023-11-06,True,,
G00161,87625,the NSA,Massimiliano Albanese,the DoD CySP Grant Program - at George Mason University,2023-11-06,True,,
G00162,87625,the NSA,Sushil Jajodia,the DoD CySP Grant Program - at George Mason University,2023-11-06,True,,
G00163,385352,the NSF,Kirin Emlet Furst,Disinfection Resiliency and Microbial Risk in Drinking Water Distribution Systems During Extreme Heat Disasters,2023-10-30,True,,
G00164,299486,the National Science Foundation (NSF),Aditya Johri,,2023-10-23,True,,
G00165,299486,the National Science Foundation (NSF),Khondkar R. Islam,,2023-10-23,True,,
G00166,299486,the National Science Foundation (NSF),Vivian Genaro Motti,,2023-10-23,True,,
G00167,21000,the US DOD,Ali Khalid Raz,Digital Engineering Tools for Acquisition Support: A Systematic Approach for Autonomous System Acquisition and Integration into SoS via Data-Driven Trade Studies Digital Engineering,2023-10-23,True,,
G00168,50000,the Virginia Innovation Partnership Authority,Lap Fai Yu,Detecting Anomalous Virtual Reality Teleoperations via Artificial Intelligence,2023-10-23,True,,
G00169,303765,the Virginia Innovation Partnership Authority,Liza Price Wilson Durant,,2023-10-23,True,,
G00170,92683,the NIH,Lucas R.F. Henneman,Historical social and environmental determinants of memory decline and dementia among U.S. older adults,2023-10-16,True,,
G00171,250000,the US DOI,Pei Dong,"Engineering Spatial Wood Carbon Scaffolds with Nanocellulose Fillers for Water Deionization Water desalination,",2023-10-16,True,,
G00172,1871692,the NSF,Vivian Genaro Motti,Success via a Human-Assistive Wearable Technology Partnership Fostering Neurodiverse Individuals' Work Success via Assistive Wearable Technology,2023-10-16,True,,
G00173,550000,the NSF,Maryam Parsa,"Collaborative Research: NCS-FR: DEJA-VU: Design of Joint 3D Solid-State Learning Machines for Various Cognitive Use-Cases Cognitive Memory, Neuromorphic Computing",2023-10-16,True,,
G00174,53765,the Virginia Innovation Partnership Authority,Liza Price Wilson Durant,the CCI Scholars Program – Undergraduate Research,2023-10-16,True,,
G00175,20000,the Virginia Innovation Partnership Authority,Liza Price Wilson Durant,CCI - FY24 Teacher Professional Development,2023-10-16,True,,
G00176,45000,the U.S. Department of the Navy,Brian L. Mark,Coherent Sensing Approaches for Dynamic Spectrum Allocation,2023-10-02,True,,
G00177,45000,the U.S. Department of the Navy,Yue Wang,Coherent Sensing Approaches for Dynamic Spectrum Allocation,2023-10-02,True,,
G00178,45000,the U.S. Department of the Navy,Zhi Tian,Coherent Sensing Approaches for Dynamic Spectrum Allocation,2023-10-02,True,,
G00179,50000,the Naval Air Warfare Center Aircraft Division,Antonios Anastasopoulos,STTR Phase I DIGITAL ENGINEERING -Automated Knowledge Base Extraction and Student Assessment,2023-10-02,True,,
G00180,238622,the NSF,Andrian Marcus,Collaborative Research: SHF: Medium: Bug Report Management 2.0,2023-10-02,True,,
G00181,800000,the NSF,Kai Zeng,Collaborative Research: SaTC: CORE: Medium: Securing Next G Millimeter-Wave Communication in Programmable RF Environments with Reconfigurable Intelligent Surface (SECURIS),2023-10-02,True,,
G00182,108592,the American Statistical Association,Jonathan L. Auerbach,Monitoring and Reporting of the Health of the Federal Statistical System,2023-10-02,True,,
G00183,132000,the USDA,Kuo Tian,Rural Utilities Service,2023-09-25,True,,
G00184,69000,the ONR,Mary L. Cummings,Sidekick for Submarine Watchstander Augmentation (TAPEE),2023-09-25,True,,
G00185,78338,the CIA,Gheorghe D. Tecuci,Automatic Fake News Detection,2023-09-25,True,,
G00186,500,Prince William Country Public Schools,Kamaljeet Sanghera,,2023-09-25,True,,
G00187,100000,the National Aeronautics and Space Administration (NASA),Celso Moller Ferreira,SHORE-BREAK: Assessing and predicting Arctic Coastal Erosion Hazards with ICESat-2,2023-09-18,True,,
G00188,100000,the National Aeronautics and Space Administration (NASA),Paul R. Houser,SHORE-BREAK: Assessing and predicting Arctic Coastal Erosion Hazards with ICESat-2,2023-09-18,True,,
G00189,42389,NOA,Seiyon Lee,EXCLAIM: a Decision Support Toolkit to Mitigate Impacts of Cascading Climate Hazards,2023-09-18,True,,
G00190,416666,the Virginia Innovation Partnership Authority,Liza Price Wilson Durant,NoVA Node CCI FY24 Initiatives,2023-09-18,True,,
G00191,50000,the Virginia Innovation Partnership Authority,Kai Zeng,Fingerprinting Techniques for Millimeter-Wave Device Authentication in 5G/NextG Wireless Communications,2023-09-18,True,,
G00192,475791,the George Mason Research Foundation,Jean-Pierre Auffret,NATO MERLIN Phase III,2023-09-18,True,,
G00193,475791,the George Mason Research Foundation,Linton Wells,NATO MERLIN Phase III,2023-09-18,True,,
G00194,475791,the George Mason Research Foundation,David G. Boulos,NATO MERLIN Phase III,2023-09-18,True,,
G00195,1199772,the National Institutes of Health,Lily Wang,SCH: Novel and Interpretable Statistical Learning for Brain Imaging Data,2023-09-11,True,,
G00196,239524,the Air Force Research Laboratory,Daigo Shishika,Rethinking Assignment-based Methods in Multi-agent Differential Games,,True,,
G00197,87672,the Institute of Statistical Sciences,John Stufken,Institute of Statistical for for Co-Editorship of Statistica Sinica,2023-09-05,True,,
G00198,10000,Northeastern University,Mark Huntington Snyder,NU/Inclusive Computing,2023-09-05,True,,
G00199,15000,Raytheon Systems,Mingkui Wei,CYSE 492 - Raytheon Zero Trust Architecture,2023-08-28,True,,
G00200,250000,the U.S. Department of the Army,Kai Zeng,an Advanced mmWave Testbed for Wireless Communication Security Research and Education,2023-08-28,True,,
G00201,250000,the U.S. Department of the Army,Brian L. Mark,an Advanced mmWave Testbed for Wireless Communication Security Research and Education,2023-08-28,True,,
G00202,250000,the U.S. Department of the Army,Jiang Weiwen,an Advanced mmWave Testbed for Wireless Communication Security Research and Education,2023-08-28,True,,
G00203,9040,the Centers,Leigh S. McCue-Weil,Disease Control and Prevention (CDC),2023-08-28,True,,
G00204,300000,the National Science Foundation,Weiwan Jiang,CyberTraining: Pilot: Quantum Research Workforce Development on End-to-End Quantum Systems Integration,2023-08-28,True,,
G00205,330000,the NSF,Weiwen Jiang,Collaborative Research: OAC Core: An Integrated Framework for Enabling Temporal-Reliable Quantum Learning on NISQ-era Devices,2023-08-28,True,,
G00206,330000,the NSF,Jessica L. Rosenberg,Collaborative Research: OAC Core: An Integrated Framework for Enabling Temporal-Reliable Quantum Learning on NISQ-era Devices,2023-08-28,True,,
G00207,99999,the National Science Foundation,Elise D. Miller-Hooks,Conference: US-UK Workshop on Transformation in Urban Underground Infrastructure Sensing,2023-08-28,True,,
G00208,148000,the FAA,John Friedrich Shortle,NEXTOR III: DO 21: System Safety Management Transformation (SSMT),2023-08-28,True,,
G00209,745197,the NSF,Kevin Patrick Moran,Collaborative Research: SHF: Medium: Toward Understandability and Interpretability for Neural Language Models of Source Code,2023-08-28,True,,
G00210,745197,the NSF,Ziyu Yao,Collaborative Research: SHF: Medium: Toward Understandability and Interpretability for Neural Language Models of Source Code,2023-08-28,True,,
G00211,5000,VentureWell,Siddhartha Sikdar,Coordinating Opioid Network Needs with Expert Clinical Teams (iCONNECT),2023-08-28,True,,
G00212,5000,VentureWell,Padmanabhan Seshaiyer,Coordinating Opioid Network Needs with Expert Clinical Teams (iCONNECT),2023-08-28,True,,
G00213,5000,VentureWell,Holly C. Matto,Coordinating Opioid Network Needs with Expert Clinical Teams (iCONNECT),2023-08-28,True,,
G00214,126000,the U.S. Army,Maryam Parsa,the National Automotive Center,2023-08-28,True,,
G00215,,the NSF,Amarda Shehu,,2023-08-01,False,,
G00216,20675,NASA,Viviana Maggioni,Machine learning-based flash flood forecasting in West Africa with satellite observations,2023-08-14,True,,
G00217,393256,the NSF,Nora McDonald,Collaborative Research: SaTC: CORE: Medium: Beyond App-centric Privacy: Investigating Privacy Ecosystems among Vulnerable Populations,2023-08-14,True,,
G00218,40586,the NSF,Jinwei Ye,CRII: RI: General Surface Reconstruction via Polarized Computational Imaging,2023-08-14,True,,
G00219,5000,the DoD,Brian L. Mark,Aspire/CCI Partnership Capstone Experience,2023-08-14,True,,
G00220,5000,Virginia Commonwealth University,Cameron Nowzari,Defend the Republic ‐ Multi‐Ball Capturing Robot,2023-08-14,True,,
G00221,97242,the National Science Foundation,Thanhvu H. Nguyen,FMitF: Track II: Cybolic: a symbolic execution technique and tool for analyzing CMake build scripts,2023-08-07,True,,
G00222,34000,Oak Ridge Associated Universities,Hemant Purohit,Holistic Human Identity Mapping,2023-08-07,True,,
G00223,250001,the U.S. Department of Energy,Giorgio Ascoli,CRCNS22 Learning Rules in the Hippocampus and their Mapping to Neuromorphic Systems,2023-08-07,True,,
G00224,173978,the National Institutes of Health,Lei Yang,,2023-08-07,True,,
G00225,59980,the Virginia Innovation Partnership Authority,Ziyu Yao,Calibrating Trust in Human-Machine Interactions with Algorithm Transparency,2023-08-07,True,,
G00226,19698,Deloitte & Touche,Jean-Pierre Auffret,HAYSTAC    Human dynamics and movement trajectories,2023-07-18,True,,
G00227,19968,the National Science Foundation,Brittany Johnson-Matthews,Conference: VL/HCC 2023 Graduate Consortium,2023-07-18,True,,
G00228,39248,Inova Healthcare,Jiayang Sun,Two Year Joint Pilot Training Program,2023-07-18,True,,
G00229,39248,Inova Healthcare,Carolyn Drews-Botsch,Two Year Joint Pilot Training Program,2023-07-18,True,,
G00230,98899,the National Science Foundation,Antonios Anastasopoulos,CCRI: Planning-C: Facilitating Language Technologies for Crisis Response,2023-07-10,True,,
G00231,66250,the National Science Foundation,Wing Ching Lam,Collaborative Research: CCRI: An Infrastructure and Dataset for Research in Android Testing & Analysis,2023-07-10,True,,
G00232,66250,the National Science Foundation,Kevin Patrick Moran,Collaborative Research: CCRI: An Infrastructure and Dataset for Research in Android Testing & Analysis,2023-07-10,True,,
G00233,462501,the National Science Foundation,Lap Fai Yu,FW-HTF-R: Collaborative Research: Worker-AI Teaming to Enable ADHD Workforce Participation in the Construction Industry of the Future,2023-07-10,True,,
G00234,366909,the Office of Naval Research,Kathleen E. Wage,Mode sensing and prediction in deep ocean environments,2023-07-10,True,,
G00235,123473,the National Oceanic & Atmospheric Administration,Celso Moller Ferreira,,2023-07-02,True,,
G00236,52294,the U.S. Department of the Army,Daigo Shishika,Arches: Autonomous Resilient Cognitive Heterogeneous Swarms,2023-07-02,True,,
G00237,50000,the National Science Foundation,Remi Veneziano,Towards a clinically translatable and standardized tissue ‘paint/contrast agent,2023-07-02,True,,
G00238,6840,the National Security Agency,Antonios Anastasopoulos,SCALE 2023,2023-07-02,True,,
G00239,22434,the National Institute of Standards & Technology,Qiliang Li,the Study of Ga2O3 Diodes and MOS Devices for Application in Power Devices and Sensors,2022-06-21,True,,
G00240,5000,the Department of Defense,Rochelle R. Jones,SOFSA 05 Efficient Warehouse,2023-06-11,True,,
G00241,30811,the Korea Research Institute of Chemical Technology,Pilgyu Kang,"Nanostructuring and Hybridization of porous polymers for stimuli-responsive devices diagnostic, gold nanoparticle, graphene, and surface-enhanced plasmonics",2023-06-11,True,,
G00242,274005,the Air Force Research Laboratory,Duminda Wijesekera,Phase II AF 21B-T001 Leveraging an Edge-Based Cross-Domain Services Framework to Simplify Planning,2023-06-04,True,,
G00243,274005,the Air Force Research Laboratory,Eric W. Vollmecke,Phase II AF 21B-T001 Leveraging an Edge-Based Cross-Domain Services Framework to Simplify Planning,2023-06-04,True,,
G00244,328000,the National Science Foundation,Yue Wang,CIF: Small: Signal Processing and Learning for NOMA Millimeter-Wave Massive MIMO Systems,2023-06-04,True,,
G00245,8500,the U.S. Department of the Army,Qiliang Li,Collaborative Capstone Projects with the Army C5ISR Center Research & Technology Integration Directorate,2023-05-30,True,,
G00246,84248,the Environmental Protection Agency,Lucas R.F. Henneman,"Accounting for the health benefits of air pollution regulations in China, 2008-2020",2023-05-30,True,,
G00247,1500000,the National Science Foundation,Bo Han,Collaborative Research: CCRI: New: CoMIC: A Collaborative MobileImmersive Computing Research Infrastructure for Multi-user XR,2023-05-30,True,,
G00248,1500000,the National Science Foundation,Parth Pathak Lap Fai Yu,Collaborative Research: CCRI: New: CoMIC: A Collaborative MobileImmersive Computing Research Infrastructure for Multi-user XR,2023-05-30,True,,
G00249,1500000,the National Science Foundation,Songqing Chen,Collaborative Research: CCRI: New: CoMIC: A Collaborative MobileImmersive Computing Research Infrastructure for Multi-user XR,2023-05-30,True,,
G00250,239970,the National Science Foundation,Foteini Baldimtsi,Collaborative Research: SaTC: CORE: Medium: Cryptographic accumulators and revocation of credentials,2023-05-30,True,,
G00251,200000,the Virginia Innovation Partnership Authority,Liza Price Wilson Durant,"Cyber Acceleration, Translation, and Advanced Prototyping for University Linked Technology (CATAPULT) 2023-2024",2023-05-15,True,,
G00252,34000,the American Statistical Association,Jonathan L. Auerbach,COVID-19 Research Database Grant Accelerator,2023-05-15,True,,
G00253,50000,the Virginia Innovation Partnership Authority,Wei Mingkui,"Using Code-Glyph Mismatched Fonts to Protect Websites from Web Scrapinganti-scraping,",2023-05-15,True,,
G00254,402009,the National Science Foundation,Samuel Dov Gordon,SaTC: CORE: Medium: Collaborative: New Approaches for Large Scale Secure Computation,2023-05-15,True,,
G00255,810104,the Office of Naval Research,Itamara Lochard,Habitus and the Information Environment: An Ethnographic Case Study of Digital Anthropology,2023-05-15,True,,
G00256,243332,the Virginia Innovation Partnership Authority,Liza Price Wilson Durant,,2023-05-08,True,,
G00257,100000,the Intelligence Advanced Research Projects Activity,Ali Khalid Raz,,2023-05-08,True,,
G00258,140976,the National Science Foundation,Sai Manoj Pudukotai Dinakarrao,Collaborative Research: EAGER: IC-Cloak: Integrated Circuit Cloaking against Reverse Engineering,2023-04-24,True,,
G00259,490000,the Virginia Innovation Partnership Authority,Liza Wilson Durant,CCI NoVa Node Cybersecurity Traineeship,2023-04-24,True,,
G00260,105000,the U.S. Department of Defense,Eric W. Vollmecke,Tentacle Demonstration and Architecture Support to FUSE,2023-04-24,True,,
G00261,149921,the U.S. Department of Health and Human Services,Myeong Lee,Mapping Information Ecology: Understanding the Fragmentation of Disability Service Information,2023-04-24,True,,
G00262,150000,the U.S. Department of Defense,Kamaljeet Sanghera,,2023-04-17,True,,
G00263,265000,the Office of Naval Research,Daigo Shishika,Distributed Intelligence with Lighter-Than-Air Vehicles,2023-04-17,True,,
G00264,299989,the National Science Foundation,Vijay Shah,Collaborative Research: Research Infrastructure: CCRI: New: Distributed Space and Terrestrial Networking Infrastructure for Multi-Constellation Coexistence,2023-04-17,True,,
G00265,320545,the National Science Foundation,Qiang Zeng,CCRI: Medium: Collaborative Research: Hardware-in-the-Loop and Remotely Accessible/Configurable/Programmable Internet of Things (IoT) Testbeds,2023-04-17,True,,
G00266,75000,Hilton Worldwide,Duminda Wijesekera,"Card-Based Access Control, Cell phone-based access control, and Connected Hotel rooms",2023-04-17,True,,
G00267,140000,the Office of Naval Research,Sushil Jajodia,"Rethinking Adaptive Cyber Defense, Optimization, and Reinforcement Learning in an Adversarial Environment",2023-04-10,True,,
G00268,264849,the National Science Foundation,Qiang Zeng,Collaborative Research: CNS Core: Medium: Towards Understanding and Handling Problems Due to Coexistence of Multiple IoT Platforms,2023-04-10,True,,
G00269,149572,the National Science Foundation,Jinwei Ye,Collaborative Research: RI: Small: Motion Field Understanding for Enhanced Long-Range Imaging,2023-04-10,True,,
G00270,44122,the Office of Naval Research,Ali Beheshti,Surface Integrity and Tribological Study of Propulsion Shaft Materials Subjected to Advanced Surface Strengthening Treatments,2023-03-27,True,,
G00271,134706,the National Science Foundation (NSF),Moinul Hossain,CRII: CNS: Security Assessment of Spectrum Coexistence in Co-located Heterogeneous Wireless IoT Networks,2023-03-27,True,,
G00272,118694,the U.S. Department of the Army,Moinul Hossain,ArtlAMAS 2.12 Slicing-Enabled Private 5G Network to Support AI and Autonomy for Multi-Agent Systems,2023-03-27,True,,
G00273,50009,Peraton,Duminda Wijesekera,Intelligent Edge with 5G Technology and Edge Security,2023-03-27,True,,
G00274,50009,Peraton,Bo Yu,Intelligent Edge with 5G Technology and Edge Security,2023-03-27,True,,
G00275,92257,the National Science Foundation,Qiang Zeng,CAREER: Towards Secure and Usable IoT Authentication Under Constraints,2023-03-20,True,,
G00276,226000,the Environmental Protection Agency,Celso Moller Ferreira,,2023-03-20,True,,
G00277,900000,the U.S. Department of Defense,Ali Khalid Raz,Integrated Photonics for Sustained Operations,2023-03-20,True,,
G00278,900000,the U.S. Department of Defense,Eric W. Vollmecke,Integrated Photonics for Sustained Operations,2023-03-20,True,,
G00279,4941325,the U.S. Department of the Air Force,Eric W. Vollmecke,,2023-03-20,True,,
G00280,60000,the Virginia Innovation Partnership Authority,Bo Yu,Automated Privacy Positioning with Context-Awareness in Wearable Technology,2023-03-06,True,,
G00281,60000,the Virginia Innovation Partnership Authority,Nupoor Jalindre,Automated Privacy Positioning with Context-Awareness in Wearable Technology,2023-03-06,True,,
G00282,60000,the Virginia Innovation Partnership Authority,Nirup M. Menon,Automated Privacy Positioning with Context-Awareness in Wearable Technology,2023-03-06,True,,
G00283,30000,the Virginia Innovation Partnership Authority,Liza Wilson Durant,CCI’s Teacher Cybersecurity Professional Development Program FY23,2023-03-06,True,,
G00284,90000,the Virginia Innovation Partnership Authority,Liza Price Wilson Durant,the CCI Scholars Program – Undergraduate Research Opportunity,2023-02-27,True,,
G00285,34999,Virginia Tech,Krzysztof M. Gaj,Resurrecting SIKE: Developing and Implementing New Isogeny-Based Post-Quantum Schemes implementation,2023-02-20,True,,
G00286,74954,the Virginia Innovation Partnership Corporation,Remi  Veneziano,A novel targeted near-infrared contrast agent (CA) platform for real-time intraoperative tumor margin imaging,2023-02-20,True,,
G00287,201162,the Federal Highway Administration,Duminda Wijesekera,Driver Visual Searching Behavior when Navigating through Alternative Intersections,2023-02-13,True,,
G00288,201162,the Federal Highway Administration,Cing-Dao Kan,Driver Visual Searching Behavior when Navigating through Alternative Intersections,2023-02-13,True,,
G00289,50000,the Office of Naval Research,Kun Sun,Reference-based Automatic Security Patch Generation,2023-02-13,True,,
G00290,5000,US Department of Defense,Lance C. Sherry,Electronic Operations Manual for Submersible Maritime Platform (“Everything Tablet”),2023-02-13,True,,
G00291,50000,the Office of Naval Research,Sushil Jajodia,"Rethinking Adaptive Cyber Defense, Optimization, and Reinforcement Learning in an Adversarial Environment",2023-02-13,True,,
G00292,8776,the  Centers,Leigh S. Weil McCue,Disease Control and Prevention,2023-02-13,True,,
G00293,499481,the National Science Foundation,Gregory Joseph Stein,Fast and Reliable Online Retraining and Adaptation for Robot Planning Despite Missing World Knowledge,2023-02-13,True,,
G00294,44121,the Office of Naval Research,Ali Beheshti,Surface Integrity and Tribological Study of Propulsion Shaft Materials Subjected to Advanced Surface Strengthening Treatments,2023-02-13,True,,
G00295,188104,the NSF,Guo Xiaonan,Collaborative Research: CCRI: New: Nation-wide Community-based Mobile Edge Sensing and Computing Testbeds,2023-02-06,True,,
G00296,149961,the NSF,John Stufken,Collaborative Research: Design-Based Optimal Subdata Selection Using Mixture-of-Experts Models to Account for Big Data Heterogeneity,2023-02-06,True,,
G00297,131403,the DHHS,Juan Raul Cebral,Computational and Biological Approach to Flow Diversion,2023-02-06,True,,
G00298,3400,the U.S. Department of Defense,Henry J. Coffman,U.S. Armed Services Friendly Forces Identification Using an Enhanced Technology Architecture and Methodology,2023-01-30,True,,
G00299,317781,the U.S. Department of the Army,Remi Veneziano,DNA-Based Hydrogels for Peripheral Nerve Repair,2023-01-24,True,,
G00300,317781,the U.S. Department of the Army,Jeffrey Lawrence Moran,DNA-Based Hydrogels for Peripheral Nerve Repair,2023-01-24,True,,
G00301,317781,the U.S. Department of the Army,Pei Dong,DNA-Based Hydrogels for Peripheral Nerve Repair,2023-01-24,True,,
G00302,59980,the Virginia Innovation Partnership Authority,Ziyu Yao,Calibrating Trust in Human-Machine Interactions with Algorithm Transparency,2023-01-24,True,,
G00303,20000,the Office of Naval Research,Sushil Jajodia,Rethinking Adaptive Cyber Defense,2023-01-09,False,,
G00304,60000,Virginia Innovative Partnership Authority,Bo Han,Privacy-preserving Mapping and Localization for Immersive Healthcare Applications,2023-01-09,False,,
G00305,60000,Virginia Innovative Partnership Authority,Hong Xue,Privacy-preserving Mapping and Localization for Immersive Healthcare Applications,2023-01-09,False,,
G00306,60000,Virginia Innovative Partnership Authority,Songqing Chen,Privacy-preserving Mapping and Localization for Immersive Healthcare Applications,2023-01-09,False,,
G00307,60000,Virginia Innovative Partnership Authority,Songqing,Privacy-preserving Mapping and Localization for Immersive Healthcare Applications,2023-01-09,False,,
G00308,60000,Virginia Innovation Partnership Authority,Evgenios Kornaropoulos and  Rebecca Elizabeth Sutter,Equitable Healthcare via Ethical and Provable De-identification MAP clinics,2023-01-09,False,,
G00309,259200,the American Society of Engineering Education (NSF),Quentin Sanders,,2023-01-03,True,,
G00310,32798,the National Science Foundation (NSF),Thanhvu H. Nguyen,,2023-01-03,True,,
G00311,276117,the US Department of the Army,Xuesu Xiao,"Learning Kinodynamics for Accurate, High-Speed, Off-Road Ground Maneuvers on Unstructured Terrain",2023-01-03,True,,
G00312,20000,the Office of Naval Research,Kun Sun,Reference-based Automatic Security Patch Generation,2023-01-03,True,,
G00313,400000,the National Science Foundation (NSF),Zhi Tian,,2023-01-03,True,,
G00314,400000,the National Science Foundation (NSF),Yue Wang,,2023-01-03,True,,
G00315,6667,Virginia Tech,Kai Zeng,Federated and Secure Spectrum Learning for NextG Communications Systems,2023-01-03,True,,
G00316,140000,the Department of Veterans Affairs,Jiayang Sun,Biomarkers for pressure injury risk following spinal cord injury: Development of a multi-scalar predictive model for personalized preventive health care,2023-01-03,True,,
G00317,,the US Department of the Army,William H. Roeting,Chief Digital and AI Office (CDAO) Other Transactional Agreement and Public Private Partnership,2023-01-03,False,,
G00318,,the US Department of the Army,Duminda Wijesekera,Chief Digital and AI Office (CDAO) Other Transactional Agreement and Public Private Partnership,2023-01-03,False,,
G00319,,the US Department of the Army,Joseph T.  Kobsar,Chief Digital and AI Office (CDAO) Other Transactional Agreement and Public Private Partnership,2023-01-03,False,,
G00320,687000,George Mason Research Foundation,Jean-Pierre Auffret,Information Environment Assessment (IEA) Analytics Engine Prototype,2023-01-03,True,,
G00321,749999,the National Science Foundation,Jie Xu,SAI-R : Strengthening American Electricity Infrastructure for an Electric Vehicle Future: An Energy Justice Approach,2022-12-05,False,,
G00322,749999,the National Science Foundation,Wenying Ji,SAI-R : Strengthening American Electricity Infrastructure for an Electric Vehicle Future: An Energy Justice Approach,2022-12-05,False,,
G00323,749999,the National Science Foundation,Fengxiu  Zhang,SAI-R : Strengthening American Electricity Infrastructure for an Electric Vehicle Future: An Energy Justice Approach,2022-12-05,False,,
G00324,749999,the National Science Foundation,Chaowei Yang,SAI-R : Strengthening American Electricity Infrastructure for an Electric Vehicle Future: An Energy Justice Approach,2022-12-05,False,,
G00325,749999,the National Science Foundation,David W. Wong,SAI-R : Strengthening American Electricity Infrastructure for an Electric Vehicle Future: An Energy Justice Approach,2022-12-05,False,,
G00326,430449,the National Institutes of Health,Holger Dannenberg,The Role of Sensory Inputs and Cholinergic Modulation for the Coding of Location and Movement Speed in the Entorhinal Cortex,2022-12-05,False,,
G00327,170033,the Office of Naval Research,Kathleen E. Wage,Universal Spectral Estimation and Beamforming,2022-12-05,False,,
G00328,50009,Hilton Worldwide,Duminda Wijesekera,Connected Room Penetration Testing,2022-11-28,False,,
G00329,50009,Hilton Worldwide,Bo Yu,Connected Room Penetration Testing,2022-11-28,False,,
G00330,29687,the National Institutes of Health (NIH),William F. Rosenberger,,2022-11-28,False,,
G00331,500000,the  National Security Agency (NSA),Kun  Sun,2022 NCAE,2022-11-22,False,,
G00332,500000,the  National Security Agency (NSA),Max Albanese,2022 NCAE,2022-11-22,False,,
G00333,500000,the  National Security Agency (NSA),Jianli Pan,2022 NCAE,2022-11-22,False,,
G00334,1483657,the U.S. Department of Health and Human Services,Siddhartha  Sikdar,"Multimodal imaging biomarkers for investigating fascia, muscle and vasculature in myofascial pain",2022-11-22,False,,
G00335,236092,the U.S. Department of the Army,Daigo  Shishika,Tactical Behaviors for Autonomous Maneuver Collaborative Research Program (TBAM-CRP)-Cycle 1 Sprint Topic: Coordinated and adversarial tactical maneuver in complex terrains,2022-11-22,False,,
G00336,236092,the U.S. Department of the Army,Xuan  Wang,Tactical Behaviors for Autonomous Maneuver Collaborative Research Program (TBAM-CRP)-Cycle 1 Sprint Topic: Coordinated and adversarial tactical maneuver in complex terrains,2022-11-22,False,,
G00337,236092,the U.S. Department of the Army,Xuesu Xiao,Tactical Behaviors for Autonomous Maneuver Collaborative Research Program (TBAM-CRP)-Cycle 1 Sprint Topic: Coordinated and adversarial tactical maneuver in complex terrains,2022-11-22,False,,
G00338,180000,Defense Advanced Research Projects Agency (DARPA),Parag  Chitnis,TRAUMAS: Treatment and recovery augmented with electrical and ultrasound-mediated actuation and sensing,2022-11-22,False,,
G00339,3144963,the U.S. Department of Defense (US DOD),Parag  Chitnis,Wearable Ultrasound systems for Guiding Training and Recovery from Musculoskeletal Injury,2022-11-22,False,,
G00340,3144963,the U.S. Department of Defense (US DOD),Siddhartha Sikdar,Wearable Ultrasound systems for Guiding Training and Recovery from Musculoskeletal Injury,2022-11-22,False,,
G00341,129887,the National Science Foundation,Jianli Pan,CNS Core: Small: DeepEdge: QoE-based Resource Allocation for Future Heterogeneous and Dynamic Edge-IoT Application,2022-11-22,False,,
G00342,338993,the National Science Foundation,Lannan Luo,SaTC: CORE: Small: Semantics-Oriented Binary Code Analysis Learning from Recent Advances in Deep Learning,2022-11-22,False,,
G00343,80000,Virginia Innovation Partnership Authority,Duminda  Wijesekera,Creating a Cyber Security Foundational Basis for Virtualized End-to-End NextG Services,2022-11-22,False,,
G00344,80000,Virginia Innovation Partnership Authority,Santos Jha,Creating a Cyber Security Foundational Basis for Virtualized End-to-End NextG Services,2022-11-22,False,,
G00345,80000,Virginia Innovation Partnership Authority,Matthew Jablonski,Creating a Cyber Security Foundational Basis for Virtualized End-to-End NextG Services,2022-11-22,False,,
G00346,49742,Peraton,Duminda  Wijesekera,Provider-Agnostic Scalable Serverless Architecture,2022-11-22,False,,
G00347,49742,Peraton,Bo Yu,Provider-Agnostic Scalable Serverless Architecture,2022-11-22,False,,
G00348,25000,the Virginia Innovation Partnership Corporation,Michael R. Hieb,Airspace Awareness Sensor Placement Modeling,2022-11-22,False,,
G00349,25000,the Virginia Innovation Partnership Corporation,Ali Khalid Raz,Airspace Awareness Sensor Placement Modeling,2022-11-22,False,,
G00350,25000,the Virginia Innovation Partnership Corporation,Lance C. Sherry,Airspace Awareness Sensor Placement Modeling,2022-11-22,False,,
G00351,1970208,the U.S. Department of the Navy,Cameron  Nowzari,Deployment of a Full-Scale Lighter-Than-Air (LTA) Swarm System,2022-11-22,False,,
G00352,1970208,the U.S. Department of the Navy,Feitian Zhang,Deployment of a Full-Scale Lighter-Than-Air (LTA) Swarm System,2022-11-22,False,,
G00353,80362,the National Institutes of Health (NIH),Ozlem  Uzuner,Extraction of Symptom Burden from Clinical Narratives of Cancer Patients using Natural Language Processing,2022-11-22,False,,
G00354,1877146,the Virginia Innovation Partnership Authority,Liza Price Wilson Durant,CCI FY22 Initiatives,2022-11-22,False,,
G00355,186375,the Federal Aviation Administration,Lance C. Sherry,Artificial Intelligence and Advanced Analytics to Estimate Collision Risk during Departure and Arrival,2022-11-14,False,,
G00356,186375,the Federal Aviation Administration,John Friedrich Shortle,Artificial Intelligence and Advanced Analytics to Estimate Collision Risk during Departure and Arrival,2022-11-14,False,,
G00357,186375,the Federal Aviation Administration,Jie Xu,Artificial Intelligence and Advanced Analytics to Estimate Collision Risk during Departure and Arrival,2022-11-14,False,,
G00358,76784,"Axiom, Inc.",Robert P. Simon,Network Level Awareness for mobile 5G systems,2022-11-14,False,,
G00359,725000,McKesson Corporation,Anand N Vidyashankar,Automating Continuous Privacy Monitoring and Policy Development (SOW title: De-identification Education and Training Services)         Privacy and Security Risks,2022-11-14,False,,
G00360,750000,the National Science Foundation,Kai  Zeng,NSF Convergence Accelerator Track G: Secure Texting over Non-cooperative Networks and Anti-jamming Enhancement in 5G,2022-11-07,False,,
G00361,196781,the National Science Foundation,Bo Han,"Collaborative Research: CNS Core: Medium: Innovating Volumetric Video Streaming with Motion Forecasting, Intelligent Upsampling, and QoE Modeling",,False,,
G00362,5040,George Mason University Foundation,Pei Dong,Thermal Conductivity Test for Shell,2022-11-07,False,,
G00363,249761,"Meta Platforms, Inc.",Antonios Anastasopoulos,Machine Translation Beyond the Top-100 Languages,2022-11-07,False,,
G00364,1000000,the US Department of the Navy,Kai  Zeng,"“Spectrum-Efficient, Beam-Agile, Interference-Resilient Millimeter Wave Communications with Reconfigurable Antennas and Intelligent Surfaces.”",2022-10-31,False,,
G00365,118711,the US Department of Defense,Ali Beheshti,Automotive Research Center (ARC) A Center for Excellence In Modeling and Simulation of Ground Vehicles. Supported by the National Automotive Center,2022-10-31,False,,
G00366,118711,the US Department of Defense,Shaghayegh Bagheri,Automotive Research Center (ARC) A Center for Excellence In Modeling and Simulation of Ground Vehicles. Supported by the National Automotive Center,2022-10-31,False,,
G00367,,US Department of the Army,William H. Roeting,Chief Digital and AI Office (CDAO) Other Transactional Agreement and Public Private Partnership US Department of the Army,2022-10-31,False,,
G00368,,US Department of the Army,Duminda Wijesekera,Chief Digital and AI Office (CDAO) Other Transactional Agreement and Public Private Partnership US Department of the Army,2022-10-31,False,,
G00369,,US Department of the Army,Joseph T. Kobsar,Chief Digital and AI Office (CDAO) Other Transactional Agreement and Public Private Partnership US Department of the Army,2022-10-31,False,,
G00370,85000,Virginia Tech,Paulo Cesar Costa,DALNIM: Dependency-based Assessment of Litigious Network events Impacting the Mission,2022-10-31,False,,
G00371,90180,Silicon Valley Community Foundation,Foteini  Baldimtsi,New Directions in Proof of Storage,2022-10-31,False,,
G00372,827700,the National Science Foundation,Parth  Pathak,CAREER: Unifying Millimeter-wave Networking and Sensing using Commodity Backscatter,2022-10-31,False,,
G00373,242000,the Virginia Innovation Partnership Authority,Liza Price Wilson Durant,CCI NoVa Node Cybersecurity Traineeship,2022-10-31,False,,
G00374,3761,the US Department of Energy,David Lattanzi,Educational Consortium for Energy-related Data Science & Computation in Building Engineering Programs,2022-10-24,False,,
G00375,69961,the US Department of Energy,Pei  Dong,“Development of Li-Air Batteries.”,2022-10-24,False,,
G00376,159626,the Environmental Protection Agency (EPA),Lucas Henneman,,2022-10-17,False,,
G00377,219636,US Department of Defense (US DoD),Massimiliano  Albanese,George Mason University Cybersecurity Scholarship Program,2022-10-17,False,,
G00378,219636,US Department of Defense (US DoD),Khondkar Islam,George Mason University Cybersecurity Scholarship Program,2022-10-17,False,,
G00379,219636,US Department of Defense (US DoD),Sushil Jajodia,George Mason University Cybersecurity Scholarship Program,2022-10-17,False,,
G00380,219636,US Department of Defense (US DoD),Ioulia Rytikova,George Mason University Cybersecurity Scholarship Program,2022-10-17,False,,
G00381,159572,Raven Industrie,Kuo Tian,“Service life prediction of reinforced geomembrane.”,2022-10-17,False,,
G00382,571842,NIH,Jeffrey Moran,“Enzyme-Powered Self-Propelled DNA Nanoparticles for Disruption and Antibiotic Delivery in Topical Biofilms.”,2022-10-17,False,,
G00383,571842,NIH,Remi Veneziano,“Enzyme-Powered Self-Propelled DNA Nanoparticles for Disruption and Antibiotic Delivery in Topical Biofilms.”,2022-10-17,False,,
G00384,571842,NIH,Monique van Hoek.,“Enzyme-Powered Self-Propelled DNA Nanoparticles for Disruption and Antibiotic Delivery in Topical Biofilms.”,2022-10-17,False,,
G00385,424874,NIH,Ozlem  Uzuner,“Joint learning methods for event and relation extraction from clinical narratives.”,2022-10-17,False,,
G00386,760414,the Office of Naval Research,Kathleen E Wage,“Universal Spectral Estimation and Beamforming       randommatrix theory.”,2022-10-17,False,,
G00387,309261,the NSF,Sai Manoj  Pudukotai Dinakarrao,“Collaborative Research: CNS Core: Small: NV-RGRA: Non-Volatile Nano-Second Right-Grained Reconfigurable Architecture for Data-Intensive Machine Learning and Graph Computing.”,2022-10-17,False,,
G00388,1041667,Virginia Innovation Partnership Authority,Liza Wilson Durant,“NoVA Node CCY FY23 Initiatives.”,2022-10-17,False,,
G00389,20000,NSF,Duminda  Wijesekera Brian Mark,"IUCRC for Planning Grant George Mason University: Center for Wireless Innovation Towards Secure, Pervasive, Efficient and Resilient Next G Networks (WISPER)",2022-10-17,False,,
G00390,20000,NSF,Parth Pathak,"IUCRC for Planning Grant George Mason University: Center for Wireless Innovation Towards Secure, Pervasive, Efficient and Resilient Next G Networks (WISPER)",2022-10-17,False,,
G00391,20000,NSF,Vijay Shah,"IUCRC for Planning Grant George Mason University: Center for Wireless Innovation Towards Secure, Pervasive, Efficient and Resilient Next G Networks (WISPER)",2022-10-17,False,,
G00392,20000,NSF,Kai Zeng,"IUCRC for Planning Grant George Mason University: Center for Wireless Innovation Towards Secure, Pervasive, Efficient and Resilient Next G Networks (WISPER)",2022-10-17,False,,
G00393,50000,the National Science Foundation (NSF),Sanmay  Das,FAI: FairGame: An Audit-Driven Game Theoretic Framework for Development and Certification of Fair AI,2022-10-17,False,,
G00394,85700,the National Institutes of Health (NIH),Lei Yang,“Achieve Fairness in AI-Assisted Mobile Healthcare Apps through Unsupervised Federated Learning.”,2022-10-17,False,,
G00395,66000,US Department of Army,Parth  Pathak,Millimeter-wave Networking in Transient Topologies,2022-10-17,False,,
G00396,10000,US Department of the Army,Vijay K Shah,"“5G Technology Platform for Military Base with a Resilient, Green, And Secure Electric Grid (5G-BASE).”",2022-10-17,False,,
G00397,50000,the Virginia Innovation Partnership Authority,Foteini  Baldimtsi,,2022-10-17,False,,
G00398,40489,the National Science Foundation,Jinwei Ye,“Collaborative Mobile Manufacturing in Uncertain Scenarios.”,2022-10-03,False,,
G00399,329694,the National Science Foundation,Ningshi Yao,“Resolving Contentions for Complex Control System with Shared Resources using Robust Model Predictive Control”,2022-10-03,False,,
G00400,810104,the Office of Naval Research,Itamara Lochard,“Habitus and the Information Environment: An ethnographic case study of digital anthropology” from the Office of Naval Research,2022-10-03,True,,
G00401,195362,the National Science Foundation,Khaled  Khasawneh,“Collaborative Research: SHF: Medium: Approximate Computing for Machine Learning Security: Foundations and Accelerator Design,2022-10-03,False,,
G00402,27780,the Southeastern Center,Xuan Wang,Electrical Engineering Education,2022-10-03,False,,
G00403,264614,the NSF,Myeong  Lee,“Collaborative Research: HCC: MEDIUM: Understanding the Present and Designing the Future of Risk Prediction IT in Fire Departments.”,2022-09-26,False,,
G00404,75000,the USAF,Paulo Cesar Costa,“ADS-Bsec Distributed Key Management for UAM Networks.”,2022-09-26,False,,
G00405,75000,the USAF,Duminda Wijesekera,“ADS-Bsec Distributed Key Management for UAM Networks.”,2022-09-26,False,,
G00406,81335,the USDOE,Giorgio Ascoli,“Learning Rules in the Hippocampus and their Mapping to Neuromorphic Systems.”,2022-09-26,False,,
G00407,21890,the Brazilian Army Commission,Paulo Cesar Costa,“System of Command and Control Systems S²C²”,2022-09-26,False,,
G00408,198637,SOLMAX,Burak Tanyu,“Evaluating the Compatibility of PVC-coated Geogrid to be used in MSE structures that Contain Recycled Concrete Aggregate.”,2022-09-26,False,,
G00409,306880,the National Science Foundation,Myeong Lee,"DASS: Exploring how convergence methods foster shared accountability to reveal, map, and mitigate the sources and dynamics of bias across social service provisioning systems",2022-09-12,False,,
G00410,146519,the National Science Foundation,Lily  Wang,“Keeping Shelters in Place: Understanding the Impacts of Residential Landlord Decision-Making on Post-Disaster Housing Stability.”,2022-08-15,False,,
G00411,250669,the National Science Foundation,Pramita  Bagchi,“Collaborative Research: Empirical Frequency Band Analysis for Functional Time Series.”,2011-08-15,False,,
G00412,114466,the National Science Foundation,Evgenios  Kornaropoulos,“Collaborative Research : SaTC : CORE : Medium : The Next Generation of Leakage Attacks and Defenses for Encrypted Databases.”,2022-08-15,False,,
G00413,40000,the U.S. Department of Energy,Weiwen Jiang,Intelligent Quantum Sensing with Quantum Neural Networks,2022-08-08,False,,
G00414,499495,the National Science Foundation,Jinwei Ye,RI: Small: Computational Imaging for Underwater Exploration    computer vision,2022-06-06,False,,
G00415,600000,the National Science Foundation,Khaled Khasawneh,,2022-06-06,False,,
G00416,35985,Virginia Innovation Partnership Authority,Massimiliano Albanese,Preparing Virginia’s Workforce to Secure the Nation’s Election Infrastructure,2022-06-06,False,,
G00417,8500,GMU Foundation,Kevin Moran,Sage Research Lab,2022-06-06,False,,
G00418,80000,Virginia Innovation Partnership Authority,"""Bo Yu",Broadband Adoption Rise in Rural Communities Using Rail Tracks,2022-06-06,False,,
G00419,8000,NSF,Leigh McCue,BRITE Relaunch: Persistent and Accessible Maritime Monitoring (PAMM),2022-05-24,False,,
G00420,299248,the National Science Foundation,Purohit,“EAGER: Inclusive-ScamBuster: Inclusive Scam Detection Methods for Social Media to Design Assistive Tools for Protecting Individuals with Developmental Disabilities.”,2022-05-24,False,,
G00421,33757,the Virginia Transportation Research Council,Shanjiang Zhu,“Developing a Technical Memo on the Modeling of the I-66 Express Toll Lanes and a Plan for Model Update and Maintenance.”,2022-05-24,False,,
G00422,4478,GMU Foundation,John Shortle,SEOR,2022-05-24,False,,
G00423,80000,Virginia Innovation Partnership Authority,Ali Khalid,“Cybersecurity Vulnerability Assessment Models for Small Unmanned Aerial Systems,2022-05-24,False,,
G00424,80000,Virginia Innovation Partnership Authority,Paulo Costa,“Cybersecurity Vulnerability Assessment Models for Small Unmanned Aerial Systems,2022-05-24,False,,
G00425,80000,Virginia Innovation Partnership Authority,Lance Sherry,“Cybersecurity Vulnerability Assessment Models for Small Unmanned Aerial Systems,2022-05-24,False,,
G00426,30000,Virginia Innovation Partnership Authority,Bo Han,“Securing the Metaverse: A Privacy-preserving Zero Trust Approach.”,2022-05-24,False,,
G00427,30000,Virginia Innovation Partnership Authority,Songqing Chen,“Securing the Metaverse: A Privacy-preserving Zero Trust Approach.”,2022-05-24,False,,
G00428,,Virginia Innovation Partnership Authority,Evgenios Kornaropoulos,“Hardware-Assisted Machine Learning on Encrypted Data in the Real World.”,2022-05-24,False,,
G00429,,Virginia Innovation Partnership Authority,Giuseppe Ateniese,“Hardware-Assisted Machine Learning on Encrypted Data in the Real World.”,2022-05-24,False,,
G00430,380860,the Western Norway Institute,Hemant Purohit,"his grant, “Violence-inducing Behaviour Prevention in Social-Cyber Space of Local Communities.”",2022-05-05,False,,
G00431,219967,NASA,Lance Sherry,“Analytic Standard Operating Procedure Digital Assistant (ASOPDA),2022-04-25,False,,
G00432,74376,the EPA,Lucas Henneman,"“Predictive, source-oriented modeling and measurements to evaluate community exposures to air pollutants and noise from unconventional oil and gas development.”",2022-04-18,False,,
G00433,100000,the Department of Defense,Lance Sherry,“Holistic Assurance Framework: Fast Time Emergent Scenario Simulation.”,2022-04-18,False,,
G00434,100000,the Department of Defense,Ali Khalid Raz,“Holistic Assurance Framework: Fast Time Emergent Scenario Simulation.”,2022-04-18,False,,
G00435,100000,the Department of Defense,Brett Berlin,“Holistic Assurance Framework: Fast Time Emergent Scenario Simulation.”,2022-04-18,False,,
G00436,100000,the Department of Defense,John Shortle,“Holistic Assurance Framework: Fast Time Emergent Scenario Simulation.”,2022-04-18,False,,
G00437,100000,the Department of Defense,James Baldo,“Holistic Assurance Framework: Fast Time Emergent Scenario Simulation.”,2022-04-18,False,,
G00438,22500,NATO,Michael Hieb,“Support for C2SIM Sandbox Enhancement & Operation.”,2022-04-18,False,,
G00439,100000,the Virginia Innovation Partnership Authority forn”Preserving NextG Cryptography,Sai Manoj Pudukotai Dinakarrao,Power Constrained Devices.”,2022-04-11,False,,
G00440,35553,the Office of Naval Research,Ali Beheshti,"“Cracks initiation/propagation study for Propulsion Shaft Materials subjected to Laser Shock Peening,”",2022-04-11,False,,
G00441,,Air Force Research Laboratory,Eric W. Vollmecke,,2022-04-08,False,,
G00442,280000,the National Science Foundation,Kai Zeng,Secure Wireless Powered Backscatter Communication for IoT,2022-04-08,False,,
G00443,170001,the U.S. Navy,Cameron Nowzari,"The Cycle of Emergence: Structure, Agency, and the Environment",2022-03-21,False,,
G00444,40000,"the Virginia Innovation Partnership for, “Characterizing Biases in Automated Scam Detection Tools",Hemant Purohit,Social Media to Aid Individuals with Developmental Disabilities.”,2022-03-21,False,,
G00445,184500,the National Science Foundation,Vijay Shah,,2022-03-14,False,,
G00446,580000,the National Science Foundation,Xiang Chen,"CAREER: ""Adapt, Learn, Collaborate"""" — Closing the Pervasive Edge AI Loop with Liquid Intelligence",2022-03-14,False,,
G00447,149550,the U.S. Department of Health and Human Services,Juan Cebral,,2022-03-14,False,,
G00448,14580,George Mason University Foundation,Pei Dong,“Advanced Heat Transfer Fluids for Modern Engines and E-Vehicles Cooling System.”,2022-03-14,False,,
G00449,2500,George Mason University Foundation,Pei Dong,“Advanced Heat Transfer Fluids for Modern Engines and E-Vehicles Cooling System.”,2022-03-14,False,,
G00450,302675,the US Department of Health and Human Services,Holger Dannenberg,“The Role of Sensory Inputs and Cholinergic Modulation for the Coding of Location and Movement Speed in the Entorhinal CortexMemory-guided navigation.”,2022-03-10,False,,
G00451,295018,the National Science Foundation,Vijay Shah,Collaborative research: CCRI: New: Open AI Cellular (OAIC): Prototyping Artificial intelligence-Enabled Control and Testing Systems for Cellular Communications Research,2022-02-28,False,,
G00452,69926,the U.S. Department of Energy,Pei Dong,In-situ Characterization of Electrode/Electrolyte Interface,2022-02-28,False,,
G00453,106985,the National Science Foundation,Foteini Baldimtsi,CAREER: Privacy Preserving Transactions with Accountability Extensions,2022-02-21,False,,
G00454,46107,the USDA,Pei Dong,Partnership: Biomass-based Nanocomposite Electrodes with Insertion Materials for Desalinating Brackish Agricultural Drainage,2022-02-21,False,,
G00455,35000,the US Department of Transportation (USDOT),Mohan Venigalla,Dwight David Eisenhower Transportation Fellowship Program Graduate Fellowship,2022-02-21,False,,
G00456,9419,Textiles Coated International,Kuo Tian,Response of Wrinkles of Everliner and HDPE GM under High Confining Stress,2022-02-21,False,,
G00457,89996,the Virginia Innovation Partnership Authority,Liza Wilson-Durant,CCI Scholars Program – High School Experiential Learning Program,2022-02-16,False,,
G00458,9419,Textiles Coated International,Kuo Tian,Response of Wrinkles of Everliner and HDPE GM under High Confining Stress,2022-02-14,False,,
G00459,35000,the U.S. Department of Transportation,Mohan Venigalla,the Dwight David Eisenhower Transportation Fellowship Program (DDETFP) Graduate Fellowship,2022-02-14,False,,
G00460,165000,the U.S. Department of Agriculture,Pei Dong,Partnership: Biomass-based Nanocomposite Electrodes with Insertion Materials for Desalinating Brackish Agricultural Drainage,2022-02-14,True,,
G00461,548147,the National Science Foundation,Foteini Baldimtsi,CAREER: Privacy-Preserving Transactions with Accountability Extensions,2022-02-14,True,,
G00462,280000,the U.S. Department of the Air Force,Kuo-Chu Chang,Explainable and Transparent Machine Learning for Autonomous Decision Making (EXTRA),2022-02-09,False,,
G00463,123905,the MITRE Corporation,Stephanie Dailey,Simulation Experiments (SIMEX),2022-02-07,False,,
G00464,123905,the MITRE Corporation,Kathryn Laskey,Simulation Experiments (SIMEX),2022-02-07,False,,
G00465,40000,the Virginia Innovation Partnership Authority,Vivian Genaro Motti,Human-Centric Training for Privacy and Security Controls: Bridging the Awareness Gap for Diverse Populations,2022-01-28,False,,
G00466,40000,the Virginia Innovation Partnership Authority,Eric Osterweil,Enabling Invisible Security and Privacy for Resilient Human-Centric Cybersecurity Systems,2022-01-28,False,,
G00467,500000,the National Science Foundation,Zhisheng Yan,"a CAREER award: ""Machine-centered Cyberinfrastructure for Panoramic Video Analytics in Science and Engineering Monitoring",2022-01-21,True,,
G00468,123905,the U.S. Department of Homeland Security,Stephanie Dailey,simulation experiments (SIMEX),2022-01-21,False,,
G00469,123905,the U.S. Department of Homeland Security,Kathryn Laskey,simulation experiments (SIMEX),2022-01-21,False,,
G00470,35300,the Electric Power Research Institute,Kuo Tian,"the ""evaluation of the degradation of HPDE geomembrane installed at a utility evaporation pond after 20-yr service",2022-01-20,False,,
G00471,100000,the Virginia Innovation Partnership Authority,Khaled Khasawneh and Sai Manoj Pudukotai Dinakarrao,Energy-Preserving NextG Cryptography for Power Constrained Devices,2022-01-18,False,,
G00472,14400,the U.S. Department of Transportation,Vivian Genaro Motti,DoT Inclusive Design Challenge: ATLAS - Accessible Technology Leveraged for Autonomous Vehicle System,2022-01-13,False,,
G00473,100000,the Air Force,Ali Raz,AI Engineering Seedlings,2022-01-12,True,,
G00474,100000,the Air Force,Shou Matsumoto,AI Engineering Seedlings,2022-01-12,True,,
G00475,100000,the Air Force,Paulo Costa,AI Engineering Seedlings,2022-01-12,True,,
G00476,100000,the Air Force,and Ziyu Yao,AI Engineering Seedlings,2022-01-12,True,,
G00477,452782,the National Institutes of Health,Juan Cebral,Bridging the Gap from Hemodynamic Stress to Intracranial Aneurysm Instability: An Integrated Multimodal Approach,2022-01-06,True,,
G00478,64826,the National Security Agency,Massimiliano Albanese and Khondkar Islam,VA-CNIP: A Coalition for the Virginia Cyber Navigator Internship Program,2022-01-06,False,,
